Sl.No,Name,PEN,Department,Designation,Joining Date
1,Dr.RAJAN.K,602208,History,Professor,2001-08-13
2,DR SREEVALSAN T,596325,Malayalam,Professor,2002-12-17
3,DR.REJI.T,608971,Mathematics,Professor,2004-06-01
4,MARY SHALET.T.J,610448,Mathematics,Asso.Prof.,2004-06-03
5,DR SHEEJU N.V,597846,English,Asso.Prof.,2005-01-31
6,DR.G.N.PRASANTH,594495,Mathematics,Professor,2005-02-09
7,DR NAJEEB P M,597310,English,Professor,2005-03-01
8,DR.PARVATHY  P,596378,Economics,Professor,2005-03-05
9,SIVAMANI,619618,Tamil,Professor,2006-02-08
10,VIJAYAKRISHNAN.M.V,619613,Physics,Asso.Prof.,2007-01-15
11,DR. LAKSHMANAN.M.P,596049,Commerce,Asso.Prof.,2007-03-21
12,Dr. Kavitha A.C.,596364,Economics,Professor,2007-03-28
13,JAGANNADHAN.C,619616,Physical Education,Asso.Prof.,2007-10-17
14,ASWATHY.P.J,600570,Commerce,Asst.Prof.,2008-06-19
15,DR.V.RAVI,619624,Tamil,Asso.Prof.,2009-03-21
16,Dr.SALMA MAHAJABEEN  T.M.,619623,Tamil,Asso.Prof.,2009-03-23
17,LT.DR.RIJULAL.G,619605,Chemistry,Asso.Prof.,2009-06-15
18,DR.C.BINDU,601671,Philosophy,Asst.Prof.,2009-08-07
19,DR.MOHANAN.P,596095,Philosophy,Asso.Prof.,2009-08-12
20,SHAFI T,89800,Arabic,Asst.Prof.,2009-11-02
21,Dr.JISHA KK,596299,Economics,Asso.Prof.,2009-12-15
22,Suresh P,616638,Geography,Asst.Prof.,2010-02-15
23,Dr Jayarajan K,616635,Geography,Asso.Prof.,2010-02-19
24,NAGARAJ  S,401479,Economics,Asso.Prof.,2010-06-16
25,DR.ANJANA.V.R,610579,Malayalam,Asso.Prof.,2010-06-16
26,SREEJA.K.T,619695,Music,Asso.Prof.,2011-01-07
27,RAMABADRAN.C.D,446580,Physics,Asst.Prof.,2011-03-28
28,Dr.Roobina A,672090,Geography,Asso.Prof.,2011-06-09
29,Dr.MANJU VARGHESE,663321,Economics,Asso.Prof.,2011-06-15
30,Dr.G.KATHIRAVAN,640603,Tamil,Asst. Prof.,2011-06-15
31,SURESH KUMAR.K.A,485062,Botany,Asst.Prof.,2011-06-17
32,SREEKALA. K,448140,English,Asst.Prof.,2011-06-23
33,BIJU.K.P,681895,Physics,Asst.Prof.,2011-07-05
34,Dr.UMA MAKHESWARI K,640604,Tamil,Asso.Prof.,2011-07-06
35,Dr.SARIN.V.P,663963,Electronics,Asso.Prof.,2011-10-03
36,DR.NISHAMOL.M.S,663952,Electronics,Asso.Prof.,2011-10-03
37,DR.SREEJITH.M.NAIR,663971,Electronics,Professor,2011-10-11
38,NazrinBegum S,693594,Geography,Asst.Prof.,2012-03-26
39,SHEEBA.S,450382,History,Asst.Prof.,2012-06-15
40,DR.A.VIJAYAN,412534,Tamil,Asst. Prof.,2012-10-30
41,Dr.FATHIMA.S,411499,Tamil,Asst. Prof.,2012-11-16
42,Dr.HASEENA.A,379147,Mathematics,Asso.Prof.,2013-02-06
43,Dr.SURESH V,656830,Botany,Professor,2011-06-15
44,PRADEESH.K,646821,Commerce,Asst.Prof.,2013-06-24
45,ABDUL ASSIS K P,682335,Philosophy,Asst.Prof.,2013-06-02
46,Pankajakshan P,411434,Geography,Asst.Prof.,2013-07-08
47,Dr.SUMATHY.M,712287,Economics,Asst.Prof.,2013-07-08
48,LEENA.T.U,575153,Commerce,Asst.Prof.,2013-10-18
49,BREJESH.N.S,411251,Economics,Asst.Prof.,2013-12-18
50,JOSNA RAJ,447741,English,Asst.Prof.,2014-07-02
51,DR.SREEPRIYA.K,412809,Malayalam,Asst.Prof.,2014-08-01
52,Dr.MANU CHAKRAVATHY.S,401480,Physical Education,Asst.Prof.,2014-09-26
53,VIMAL MENON .J,739103,Music,Asst. Prof.,2014-10-25
54,SURESH.M,426854,History,Asst.Prof.,2016-10-14
55,PRASANTH.P.V,225231,Political Science,Asst.Prof.,2017-06-12
56,Dr.RUBY.R,807552,Mathematics,Asst.Prof.,2017-07-06
57,Dr.SHILPA M.,807009,Mathematics,Asst.Prof.,2017-07-07
58,AJEESH.P.V,424558,Physics,Asst.Prof.,2017-10-27
59,DEEPA MUKUNDAN,735609,Chemistry,Asst.Prof.,2017-10-30
60,Dr.NISHAD.K.M,733769,Chemistry,Asst.Prof.,2017-11-04
61,VINEESH V,822303,Geography,Asst.Prof.,2017-11-20
62,MUHAMMED SHAMEEM KOORMATH,821995,Zoology,Asst.Prof.,2017-11-30
63,JAIN THOMAS,448901,Zoology,Asst.Prof.,2017-12-05
64,DR.RATHI.R,778803,Tamil,Asst. Prof.,2018-04-07
65,RESHMA MAJEED,676177,English,Asso.Prof.,2018-06-05
66,Dr.ANISH KUMAR M.S.,836176,Electronics,Asst.Prof.,2018-06-07
67,PRATHAPAN N,452949,Geography,Asst.Prof.,2018-07-05
68,ANOOP P,752200,Commerce,Asst.Prof.,2018-07-23
69,"DR,NAZEEM S.T.",408118,Commerce,Asst.Prof.,2018-12-07
70,SMITHA JOSE,843743,Botany,Asst.Prof.,2019-01-23
71,DR.SAJEESH C.S.,835274,Sanskrit,Ass.Prof.,2019-02-27
72,Dr.ANJU AJAYAN,867719,Chemistry,Asst.Prof.,2019-06-21
73,SAVITHRI.N.V,868635,Music,Asst.Prof.,2019-06-24
74,SHARJA N,867584,Malayalam,Asst.Prof.,2019-06-24
75,AJITHA R,868314,Economics,Asst.Prof.,2019-06-28
76,VIPIN V.,737587,Commerce,Asst.Prof.,2019-06-29
77,Dr.V.DHARMALINGAM,868183,Tamil,Asst. Prof.,2019-07-04
78,Dr.ARYA S,869290,Physics,Asst.Prof.,2019-07-26
79,NARAYANA PRASAD.M,678937,Mathematics,Asst.Prof.,2020-08-06
80,Dr. SHALBI MOHANAN,706653,Hindi,Asst.Prof.,2020-09-24
81,SOLOMON.C.D,412076,Zoology,Asst.Prof.,2020-09-25
82,ANOOPKUMAR  K,698533,Computer Science,Asst.Prof.,2020-11-20
83,SOWMYA C,927070,Mathematics,Asst.Prof.,2021-12-29
84,Dr.RESHMA C.U.,915232,Geography,Asst.Prof.,2023-01-31
85,SARATHKUMAR N S,964510,Mathematics,Asst.Prof.,2023-09-19
86,DR  NADIA MOIDEEN,973543,Psychology,Asst.Prof.,2023-12-21
87,ARUNDHATHI MOHAN,1003417,Hindi,Asst.Prof.,2025-07-08
88,SREEJITH S,1026694,Electronics,Asst.Prof.,2026-02-09
89,DR SURYA K S,1027219,Zoology,Asst.Prof.,2026-03-04
90,DR VIJAYASREE HARIDAS,1027220,Chemistry,Asst.Prof.,2026-03-04
91,SREEDEVI.P.S,1042572,Malayalam,Asst.Prof.,2026-09-09
92,APARNA PRADEEP,866556,Mathematics,Asst.Prof.,
